review_id:ID(Review),content,suggested_decision
r1,Interesting but lacks novelty.,Denied
r2,Excellent contribution to the field.,Approved
r3,Excellent contribution to the field.,Approved
r4,Good insights and results.,Approved
r5,Well-written and clearly presented.,Approved
r6,Good insights and results.,Approved
r7,Excellent contribution to the field.,Approved
r8,Good insights and results.,Approved
r9,Excellent contribution to the field.,Approved
r10,The methodology is flawed.,Denied
r11,Excellent contribution to the field.,Approved
r12,Excellent contribution to the field.,Approved
r13,Needs stronger experimental support.,Denied
r14,Well-written and clearly presented.,Approved
r15,Excellent contribution to the field.,Approved
r16,Good insights and results.,Approved
r17,Good insights and results.,Approved
r18,Good insights and results.,Approved
r19,Excellent contribution to the field.,Approved
r20,Needs stronger experimental support.,Denied
r21,Excellent contribution to the field.,Approved
r22,Well-written and clearly presented.,Approved
r23,Well-written and clearly presented.,Approved
r24,Good insights and results.,Approved
r25,Excellent contribution to the field.,Approved
r26,Needs stronger experimental support.,Denied
r27,Well-written and clearly presented.,Approved
r28,Excellent contribution to the field.,Approved
r29,Needs stronger experimental support.,Denied
r30,Good insights and results.,Approved
r31,The methodology is flawed.,Denied
r32,Good insights and results.,Approved
r33,Interesting but lacks novelty.,Denied
r34,Good insights and results.,Approved
r35,Excellent contribution to the field.,Approved
r36,Well-written and clearly presented.,Approved
r37,Good insights and results.,Approved
r38,Good insights and results.,Approved
r39,Excellent contribution to the field.,Approved
r40,Well-written and clearly presented.,Approved
r41,Well-written and clearly presented.,Approved
r42,Excellent contribution to the field.,Approved
r43,Well-written and clearly presented.,Approved
r44,Well-written and clearly presented.,Approved
r45,The methodology is flawed.,Denied
r46,Good insights and results.,Approved
r47,Excellent contribution to the field.,Approved
r48,Good insights and results.,Approved
r49,Excellent contribution to the field.,Approved
r50,Good insights and results.,Approved
r51,Well-written and clearly presented.,Approved
r52,The methodology is flawed.,Denied
r53,Good insights and results.,Approved
r54,Good insights and results.,Approved
r55,Excellent contribution to the field.,Approved
r56,Needs stronger experimental support.,Denied
r57,Well-written and clearly presented.,Approved
r58,Insufficient comparison to related work.,Denied
r59,Well-written and clearly presented.,Approved
r60,Well-written and clearly presented.,Approved
r61,Good insights and results.,Approved
r62,Good insights and results.,Approved
r63,Needs stronger experimental support.,Denied
r64,Good insights and results.,Approved
r65,Good insights and results.,Approved
r66,Good insights and results.,Approved
r67,Good insights and results.,Approved
r68,Well-written and clearly presented.,Approved
r69,Well-written and clearly presented.,Approved
r70,Well-written and clearly presented.,Approved
r71,Needs stronger experimental support.,Denied
r72,Excellent contribution to the field.,Approved
r73,Good insights and results.,Approved
r74,Excellent contribution to the field.,Approved
r75,Needs stronger experimental support.,Denied
r76,Interesting but lacks novelty.,Denied
r77,Well-written and clearly presented.,Approved
r78,Insufficient comparison to related work.,Denied
r79,Needs stronger experimental support.,Denied
r80,Excellent contribution to the field.,Approved
r81,Excellent contribution to the field.,Approved
r82,Well-written and clearly presented.,Approved
r83,Insufficient comparison to related work.,Denied
r84,Excellent contribution to the field.,Approved
r85,Needs stronger experimental support.,Denied
r86,Well-written and clearly presented.,Approved
r87,Excellent contribution to the field.,Approved
r88,Well-written and clearly presented.,Approved
r89,Good insights and results.,Approved
r90,Excellent contribution to the field.,Approved
r91,Good insights and results.,Approved
r92,Good insights and results.,Approved
r93,Insufficient comparison to related work.,Denied
r94,Good insights and results.,Approved
r95,Insufficient comparison to related work.,Denied
r96,Good insights and results.,Approved
r97,Good insights and results.,Approved
r98,Excellent contribution to the field.,Approved
r99,Insufficient comparison to related work.,Denied
r100,Interesting but lacks novelty.,Denied
r101,Well-written and clearly presented.,Approved
r102,Excellent contribution to the field.,Approved
r103,Good insights and results.,Approved
r104,Excellent contribution to the field.,Approved
r105,The methodology is flawed.,Denied
r106,Excellent contribution to the field.,Approved
r107,Well-written and clearly presented.,Approved
r108,Excellent contribution to the field.,Approved
r109,Well-written and clearly presented.,Approved
r110,Insufficient comparison to related work.,Denied
r111,The methodology is flawed.,Denied
r112,Needs stronger experimental support.,Denied
r113,Well-written and clearly presented.,Approved
r114,Good insights and results.,Approved
r115,Well-written and clearly presented.,Approved
r116,Well-written and clearly presented.,Approved
r117,Good insights and results.,Approved
r118,Excellent contribution to the field.,Approved
r119,Insufficient comparison to related work.,Denied
r120,Well-written and clearly presented.,Approved
r121,Interesting but lacks novelty.,Denied
r122,Excellent contribution to the field.,Approved
r123,Insufficient comparison to related work.,Denied
r124,Well-written and clearly presented.,Approved
r125,Excellent contribution to the field.,Approved
r126,Good insights and results.,Approved
r127,The methodology is flawed.,Denied
r128,Needs stronger experimental support.,Denied
r129,The methodology is flawed.,Denied
r130,Excellent contribution to the field.,Approved
r131,Excellent contribution to the field.,Approved
r132,Excellent contribution to the field.,Approved
r133,Well-written and clearly presented.,Approved
r134,Well-written and clearly presented.,Approved
r135,Good insights and results.,Approved
r136,Excellent contribution to the field.,Approved
r137,Interesting but lacks novelty.,Denied
r138,Excellent contribution to the field.,Approved
r139,The methodology is flawed.,Denied
r140,Good insights and results.,Approved
r141,Well-written and clearly presented.,Approved
r142,Well-written and clearly presented.,Approved
r143,Well-written and clearly presented.,Approved
r144,Well-written and clearly presented.,Approved
r145,Needs stronger experimental support.,Denied
r146,Excellent contribution to the field.,Approved
r147,Interesting but lacks novelty.,Denied
r148,Well-written and clearly presented.,Approved
r149,The methodology is flawed.,Denied
r150,Good insights and results.,Approved
r151,Good insights and results.,Approved
r152,Well-written and clearly presented.,Approved
r153,Well-written and clearly presented.,Approved
r154,Good insights and results.,Approved
r155,Needs stronger experimental support.,Denied
r156,Good insights and results.,Approved
r157,Insufficient comparison to related work.,Denied
r158,Needs stronger experimental support.,Denied
r159,Well-written and clearly presented.,Approved
r160,Well-written and clearly presented.,Approved
r161,Good insights and results.,Approved
r162,Good insights and results.,Approved
r163,Excellent contribution to the field.,Approved
r164,Good insights and results.,Approved
r165,Good insights and results.,Approved
r166,Insufficient comparison to related work.,Denied
r167,Insufficient comparison to related work.,Denied
r168,Needs stronger experimental support.,Denied
r169,Excellent contribution to the field.,Approved
r170,Excellent contribution to the field.,Approved
r171,Good insights and results.,Approved
r172,Excellent contribution to the field.,Approved
r173,The methodology is flawed.,Denied
r174,Well-written and clearly presented.,Approved
r175,The methodology is flawed.,Denied
r176,Excellent contribution to the field.,Approved
r177,Good insights and results.,Approved
r178,Well-written and clearly presented.,Approved
r179,Good insights and results.,Approved
r180,Good insights and results.,Approved
r181,Excellent contribution to the field.,Approved
r182,The methodology is flawed.,Denied
r183,Excellent contribution to the field.,Approved
r184,Excellent contribution to the field.,Approved
r185,Well-written and clearly presented.,Approved
r186,Good insights and results.,Approved
r187,Well-written and clearly presented.,Approved
r188,Good insights and results.,Approved
r189,Insufficient comparison to related work.,Denied
r190,Excellent contribution to the field.,Approved
r191,The methodology is flawed.,Denied
r192,Good insights and results.,Approved
r193,Interesting but lacks novelty.,Denied
r194,Excellent contribution to the field.,Approved
r195,Good insights and results.,Approved
r196,Well-written and clearly presented.,Approved
r197,Excellent contribution to the field.,Approved
r198,Good insights and results.,Approved
r199,Excellent contribution to the field.,Approved
r200,The methodology is flawed.,Denied
r201,Insufficient comparison to related work.,Denied
r202,Excellent contribution to the field.,Approved
r203,Excellent contribution to the field.,Approved
r204,Well-written and clearly presented.,Approved
r205,Excellent contribution to the field.,Approved
r206,Well-written and clearly presented.,Approved
r207,Good insights and results.,Approved
r208,Well-written and clearly presented.,Approved
r209,Well-written and clearly presented.,Approved
r210,Good insights and results.,Approved
r211,Excellent contribution to the field.,Approved
r212,Interesting but lacks novelty.,Denied
r213,Well-written and clearly presented.,Approved
r214,Good insights and results.,Approved
r215,Excellent contribution to the field.,Approved
r216,Excellent contribution to the field.,Approved
r217,Well-written and clearly presented.,Approved
r218,The methodology is flawed.,Denied
r219,Interesting but lacks novelty.,Denied
r220,Well-written and clearly presented.,Approved
r221,Interesting but lacks novelty.,Denied
r222,The methodology is flawed.,Denied
r223,Excellent contribution to the field.,Approved
r224,Well-written and clearly presented.,Approved
r225,Excellent contribution to the field.,Approved
r226,Well-written and clearly presented.,Approved
r227,Insufficient comparison to related work.,Denied
r228,Insufficient comparison to related work.,Denied
r229,Well-written and clearly presented.,Approved
r230,Well-written and clearly presented.,Approved
r231,Needs stronger experimental support.,Denied
r232,Excellent contribution to the field.,Approved
r233,Good insights and results.,Approved
r234,Excellent contribution to the field.,Approved
r235,Excellent contribution to the field.,Approved
r236,Good insights and results.,Approved
r237,Well-written and clearly presented.,Approved
r238,The methodology is flawed.,Denied
r239,The methodology is flawed.,Denied
r240,Well-written and clearly presented.,Approved
r241,Interesting but lacks novelty.,Denied
r242,Well-written and clearly presented.,Approved
r243,Excellent contribution to the field.,Approved
r244,Good insights and results.,Approved
r245,Excellent contribution to the field.,Approved
r246,The methodology is flawed.,Denied
r247,Good insights and results.,Approved
r248,Excellent contribution to the field.,Approved
r249,Well-written and clearly presented.,Approved
r250,Good insights and results.,Approved
r251,Well-written and clearly presented.,Approved
r252,Good insights and results.,Approved
r253,Good insights and results.,Approved
r254,Excellent contribution to the field.,Approved
r255,Excellent contribution to the field.,Approved
r256,Interesting but lacks novelty.,Denied
r257,Well-written and clearly presented.,Approved
r258,Good insights and results.,Approved
r259,Good insights and results.,Approved
r260,Good insights and results.,Approved
r261,Good insights and results.,Approved
r262,Well-written and clearly presented.,Approved
r263,Needs stronger experimental support.,Denied
r264,Interesting but lacks novelty.,Denied
r265,Excellent contribution to the field.,Approved
r266,Good insights and results.,Approved
r267,Good insights and results.,Approved
r268,Good insights and results.,Approved
r269,Well-written and clearly presented.,Approved
r270,Good insights and results.,Approved
r271,Excellent contribution to the field.,Approved
r272,Well-written and clearly presented.,Approved
r273,Interesting but lacks novelty.,Denied
r274,Well-written and clearly presented.,Approved
r275,Well-written and clearly presented.,Approved
r276,Well-written and clearly presented.,Approved
r277,Good insights and results.,Approved
r278,Interesting but lacks novelty.,Denied
r279,Needs stronger experimental support.,Denied
r280,Excellent contribution to the field.,Approved
r281,Excellent contribution to the field.,Approved
r282,The methodology is flawed.,Denied
r283,Well-written and clearly presented.,Approved
r284,Good insights and results.,Approved
r285,Good insights and results.,Approved
r286,Good insights and results.,Approved
r287,Good insights and results.,Approved
r288,Excellent contribution to the field.,Approved
r289,Well-written and clearly presented.,Approved
r290,Interesting but lacks novelty.,Denied
r291,Excellent contribution to the field.,Approved
r292,Excellent contribution to the field.,Approved
r293,Insufficient comparison to related work.,Denied
r294,The methodology is flawed.,Denied
r295,Good insights and results.,Approved
r296,Excellent contribution to the field.,Approved
r297,Well-written and clearly presented.,Approved
r298,Excellent contribution to the field.,Approved
r299,Excellent contribution to the field.,Approved
r300,Excellent contribution to the field.,Approved
